{
	"credit": "MadewithBlockbench",
	"texture_size": [48, 48],
	"textures": {
		"1": "cyber_decoration:block/oak_plank",
		"particle": "cyber_decoration:block/oak_plank"
	},
	"elements": [
		{
			"from": [10.75, -2.93993, 7.90162],
			"to": [15.75, 29.06007, 9.90162],
			"rotation": {"angle": 22.5, "axis": "x", "origin": [9.75, 14, 14]},
			"faces": {
				"north": {"uv": [0, 0, 10.66667, 1.66667], "rotation": 270, "texture": "#1"},
				"east": {"uv": [0, 1.66667, 10.66667, 2.33333], "rotation": 90, "texture": "#1"},
				"south": {"uv": [0, 0, 10.66667, 1.66667], "rotation": 90, "texture": "#1"},
				"west": {"uv": [0, 2.33333, 10.66667, 3], "rotation": 270, "texture": "#1"},
				"up": {"uv": [10.66667, 0, 11.33333, 1.66667], "rotation": 90, "texture": "#1"},
				"down": {"uv": [11.33333, 0, 12, 1.66667], "rotation": 270, "texture": "#1"}
			}
		},
		{
			"from": [15.75, 0, 14],
			"to": [20.75, 32, 16],
			"rotation": {"angle": 0, "axis": "x", "origin": [16.75, 0, -3]},
			"faces": {
				"north": {"uv": [0, 0, 10.66667, 1.66667], "rotation": 270, "texture": "#1"},
				"east": {"uv": [0, 1.66667, 10.66667, 2.33333], "rotation": 90, "texture": "#1"},
				"south": {"uv": [0, 0, 10.66667, 1.66667], "rotation": 90, "texture": "#1"},
				"west": {"uv": [0, 2.33333, 10.66667, 3], "rotation": 270, "texture": "#1"},
				"up": {"uv": [10.66667, 0, 11.33333, 1.66667], "rotation": 90, "texture": "#1"},
				"down": {"uv": [11.33333, 0, 12, 1.66667], "rotation": 270, "texture": "#1"}
			}
		},
		{
			"from": [0, 0.06497, 7],
			"to": [32, 2.06497, 12],
			"rotation": {"angle": 0, "axis": "z", "origin": [16.75, 19, 6]},
			"faces": {
				"north": {"uv": [0, 2.33333, 10.66667, 3], "texture": "#1"},
				"east": {"uv": [11.33333, 0, 12, 1.66667], "rotation": 90, "texture": "#1"},
				"south": {"uv": [0, 1.66667, 10.66667, 2.33333], "texture": "#1"},
				"west": {"uv": [10.66667, 0, 11.33333, 1.66667], "rotation": 90, "texture": "#1"},
				"up": {"uv": [0, 0, 10.66667, 1.66667], "rotation": 180, "texture": "#1"},
				"down": {"uv": [0, 0, 10.66667, 1.66667], "texture": "#1"}
			}
		}
	],
	"gui_light": "front",
	"display": {
		"thirdperson_righthand": {
			"rotation": [80.57, 87.24, -102.43],
			"translation": [0.5, 1.5, 0],
			"scale": [0.2, 0.2, 0.2]
		},
		"thirdperson_lefthand": {
			"rotation": [80.57, 87.24, -102.43],
			"translation": [0.5, 1.5, 0],
			"scale": [0.2, 0.2, 0.2]
		},
		"firstperson_righthand": {
			"scale": [0.5, 0.5, 0.5]
		},
		"firstperson_lefthand": {
			"scale": [0.5, 0.5, 0.5]
		},
		"ground": {
			"translation": [0, 2.25, 0],
			"scale": [0.3, 0.3, 0.3]
		},
		"gui": {
			"rotation": [21.75, 36, 0],
			"translation": [-3, -1.75, 0],
			"scale": [0.4, 0.4, 0.4]
		},
		"head": {
			"translation": [-2.25, 8.75, -1.5],
			"scale": [0.3, 0.3, 0.3]
		},
		"fixed": {
			"translation": [0, -3.5, -2.25],
			"scale": [0.5, 0.5, 0.5]
		}
	},
	"groups": [
		{
			"name": "group",
			"origin": [9.75, 19, 6],
			"color": 0,
			"children": [0, 1, 2]
		}
	]
}